income_group,relative_percentage_increase_2013_2023,last_year_income
Low income,323.46,24.167666666666666
Lower middle income,209.87,56.70703829787234
Upper middle income,107.65,79.20402884615385
High income,24.78,91.6304609375
